brand_id,brand_name,canonical_candidate,official_domain,vertical_l1,vertical_l2,domain_entity_type,strong_evidence,clean_score,source_name_invalid,kb_matched,canonical_confirmed,site_consensus_count,reasons
brand_parenting-pl_e91efde4,Parenting,Parenting,parenting.pl,baby_parenting,baby_products,commercial,false,0.8855,true,false,false,0,polluted_source_name|brand_name_noise
brand_iciba-com_d4604774,Iciba,Iciba,iciba.com,beauty_personal_care,cosmetics,commercial,false,0.91,true,false,false,0,polluted_source_name|brand_name_noise
brand_koolearn-com_7fcc0467,Koolearn,Koolearn,koolearn.com,consumer_electronics,smartphone,commercial,false,0.904,true,false,false,0,polluted_source_name|brand_name_noise
brand_digitalspy-com_b9ee23ee,Digitalspy,Digitalspy,digitalspy.com,finance,digital_banking,commercial,false,0.788,true,false,false,0,polluted_source_name|brand_name_noise
brand_skincare-com_d52ff697,Skincare,Skincare,skincare.com,beauty_personal_care,skincare,commercial,false,0.8855,true,false,false,0,polluted_source_name|brand_name_noise
brand_163-com_6bbfbb26,163,163,163.com,consumer_electronics,smartphone,commercial,false,0.903,false,false,false,0,numeric_brand_name
brand_vogue-in_b2f21538,Vogue,Vogue,vogue.in,fashion,apparel,commercial,false,0.888,true,false,false,0,polluted_source_name|brand_name_noise
brand_gov-au_f37ac88f,Gov,Gov,gov.au,food_beverage,snacks,institution,false,0.8797,false,false,false,0,domain_type_blocked:institution|generic_brand_name
brand_forbes-com_67d19e48,Forbes,Forbes,forbes.com,home_improvement,home_decor,commercial,false,0.722,false,false,false,0,low_cleaning_score
brand_weforum-org_b1fbdbe4,Weforum,Weforum,weforum.org,saas,productivity,commercial,false,0.748,false,false,false,0,brand_name_noise|low_cleaning_score
brand_forumsport-com_47dd4f9a,Forumsport,Forumsport,forumsport.com,sports_outdoor,fitness,commercial,false,0.7505,false,false,false,0,brand_name_noise|low_cleaning_score
brand_gov-in_6ca8b982,Gov,Gov,gov.in,travel_hospitality,hotel_booking,institution,false,0.878,false,false,false,0,domain_type_blocked:institution|generic_brand_name
brand_collinsdictionary-com_7eefb769,Collinsdictionary,Collinsdictionary,collinsdictionary.com,consumer_electronics,smartphone,commercial,false,0.899,false,false,false,0,brand_name_noise
brand_nytimes-com_87a10fe6,Nytimes,Nytimes,nytimes.com,developer_tools,dev_platform,publisher,false,0.722,false,false,false,0,publisher_not_allowed|low_cleaning_score
brand_fashionforum-dk_845edf01,Fashionforum,Fashionforum,fashionforum.dk,fashion,apparel,commercial,false,0.7405,true,false,false,0,polluted_source_name|brand_name_noise|low_cleaning_score
brand_food-forum-pl_977c2d3f,Food Forum,Food Forum,food-forum.pl,food_beverage,snacks,commercial,false,0.738,true,false,false,0,polluted_source_name|brand_name_noise|low_cleaning_score
brand_cnn-com_c917ab8c,Cnn,Cnn,cnn.com,developer_tools,dev_platform,commercial,false,0.722,false,false,false,0,low_cleaning_score
brand_washingtonpost-com_8bae4eaf,Washingtonpost,Washingtonpost,washingtonpost.com,home_improvement,home_decor,publisher,false,0.722,false,false,false,0,publisher_not_allowed|low_cleaning_score
brand_macromedia-com_87462a61,Macromedia,Macromedia,macromedia.com,sports_outdoor,fitness,publisher,false,0.722,false,false,false,0,publisher_not_allowed|low_cleaning_score
brand_wordpress-org_28e723ea,Wordpress,Wordpress,wordpress.org,beauty_personal_care,cosmetics,publisher,false,0.722,false,false,false,0,publisher_not_allowed|low_cleaning_score
brand_wikimedia-org_b24d201e,Wikimedia,Wikimedia,wikimedia.org,saas,productivity,publisher,false,0.722,false,false,false,0,publisher_not_allowed|brand_name_noise|low_cleaning_score
brand_dailymail-co-uk_3d72f2bd,Dailymail,Dailymail,dailymail.co.uk,art_culture,craft,publisher,false,0.722,false,false,false,0,publisher_not_allowed|low_cleaning_score
brand_techcrunch-com_1ddcc72c,Techcrunch,Techcrunch,techcrunch.com,b2b_services,business_service,commercial,false,0.722,false,false,false,0,low_cleaning_score
brand_gov-cn_46e02606,Gov,Gov,gov.cn,beauty_personal_care,skincare,institution,false,0.822,false,false,false,0,domain_type_blocked:institution|generic_brand_name
brand_usatoday-com_61a5c329,Usatoday,Usatoday,usatoday.com,home_appliance,kitchen_appliance,commercial,false,0.722,false,false,false,0,low_cleaning_score
brand_gov-uk_ab2753f9,Gov,Gov,gov.uk,sports_outdoor,fitness,institution,false,0.822,false,false,false,0,domain_type_blocked:institution|generic_brand_name
brand_dailymotion-com_c835f1e4,Dailymotion,Dailymotion,dailymotion.com,b2b_services,business_service,publisher,false,0.722,false,false,false,0,publisher_not_allowed|low_cleaning_score
brand_latimes-com_70201b6f,Latimes,Latimes,latimes.com,pet,pet_supplies,publisher,false,0.722,false,false,false,0,publisher_not_allowed|low_cleaning_score
brand_npr-org_ce85eb1d,Npr,Npr,npr.org,saas,productivity,commercial,false,0.722,false,false,false,0,low_cleaning_score
brand_theguardian-com_d96080e4,Theguardian,Theguardian,theguardian.com,beauty_personal_care,cosmetics,commercial,false,0.722,false,false,false,0,low_cleaning_score
brand_chinesewords-org_400c2624,Chinesewords,Chinesewords,chinesewords.org,consumer_electronics,smartphone,commercial,false,0.889,true,false,false,0,polluted_source_name|brand_name_noise
brand_huffingtonpost-com_4c388e5f,Huffingtonpost,Huffingtonpost,huffingtonpost.com,pet,pet_supplies,publisher,false,0.722,false,false,false,0,publisher_not_allowed|low_cleaning_score
brand_cbsnews-com_7c7134dd,Cbsnews,Cbsnews,cbsnews.com,travel_hospitality,hotel_booking,publisher,false,0.722,false,false,false,0,publisher_not_allowed|low_cleaning_score
brand_reuters-com_56d76a66,Reuters,Reuters,reuters.com,beauty_personal_care,cosmetics,commercial,false,0.722,false,false,false,0,low_cleaning_score
brand_hujiang-com_f0c568f4,Hujiang,Hujiang,hujiang.com,consumer_electronics,smartphone,commercial,false,0.884,true,false,false,0,polluted_source_name|brand_name_noise
brand_wsj-com_637d35cd,Wsj,Wsj,wsj.com,beauty_personal_care,cosmetics,commercial,false,0.722,false,false,false,0,low_cleaning_score
brand_apnews-com_3c04c358,Apnews,Apnews,apnews.com,health_wellness,healthcare,publisher,false,0.722,false,false,false,0,publisher_not_allowed|low_cleaning_score
brand_cnbc-com_1b35a362,Cnbc,Cnbc,cnbc.com,beauty_personal_care,skincare,commercial,false,0.722,false,false,false,0,low_cleaning_score
brand_example-com_b0f58cbc,Example,Example,example.com,fashion,footwear,generic-bucket,false,0.822,false,false,false,0,domain_type_blocked:generic-bucket
brand_huffpost-com_09bc361e,Huffpost,Huffpost,huffpost.com,health_wellness,healthcare,publisher,false,0.722,false,false,false,0,publisher_not_allowed|low_cleaning_score
brand_nbcnews-com_b4544061,Nbcnews,Nbcnews,nbcnews.com,saas,productivity,publisher,false,0.722,false,false,false,0,publisher_not_allowed|low_cleaning_score
brand_livejournal-com_ed6b7aeb,Livejournal,Livejournal,livejournal.com,sports_outdoor,fitness,publisher,false,0.722,false,false,false,0,publisher_not_allowed|low_cleaning_score
brand_foxnews-com_6c5f40b7,Foxnews,Foxnews,foxnews.com,art_culture,craft,publisher,false,0.722,false,false,false,0,publisher_not_allowed|low_cleaning_score
brand_tomsguide-com_18f85870,Tomsguide,Tomsguide,tomsguide.com,consumer_electronics,smartphone,commercial,false,0.733,false,false,false,0,brand_name_noise|low_cleaning_score
brand_nypost-com_b840df47,Nypost,Nypost,nypost.com,mobility,automotive,publisher,false,0.722,false,false,false,0,publisher_not_allowed|low_cleaning_score
brand_wired-com_80188864,Wired,Wired,wired.com,fashion,footwear,commercial,false,0.722,false,false,false,0,low_cleaning_score
brand_postgresql-org_4cf75589,Postgresql,Postgresql,postgresql.org,health_wellness,healthcare,publisher,false,0.722,false,false,false,0,publisher_not_allowed|low_cleaning_score
brand_globenewswire-com_791b6115,Globenewswire,Globenewswire,globenewswire.com,local_services,food_delivery,publisher,false,0.722,false,false,false,0,publisher_not_allowed|low_cleaning_score
brand_threads-net_3fc9b3ad,Threads,Threads,threads.net,finance,digital_banking,commercial,false,0.687,true,false,false,0,polluted_source_name|brand_name_noise|low_cleaning_score
brand_pages-dev_d88b4ac8,Pages,Pages,pages.dev,baby_parenting,baby_products,infra-hosting,false,0.822,false,false,false,0,domain_type_blocked:infra-hosting
brand_euronews-com_1ff6e6b4,Euronews,Euronews,euronews.com,home_improvement,home_decor,publisher,false,0.722,false,false,false,0,publisher_not_allowed|low_cleaning_score
brand_aliexpress-com_03dd6197,Aliexpress,Aliexpress,aliexpress.com,saas,productivity,publisher,false,0.722,false,false,false,0,publisher_not_allowed|low_cleaning_score
brand_generatepress-com_8c5d6b87,Generatepress,Generatepress,generatepress.com,mobility,automotive,publisher,false,0.722,false,false,false,0,publisher_not_allowed|low_cleaning_score
brand_vercel-app_b797a7b0,Vercel,Vercel,vercel.app,developer_tools,dev_platform,infra-hosting,false,0.822,false,false,false,0,domain_type_blocked:infra-hosting
brand_prnewswire-com_64455bc9,Prnewswire,Prnewswire,prnewswire.com,fashion,footwear,publisher,false,0.722,false,false,false,0,publisher_not_allowed|low_cleaning_score
brand_aljazeera-com_6afd1fac,Aljazeera,Aljazeera,aljazeera.com,sports_outdoor,fitness,commercial,false,0.722,false,false,false,0,low_cleaning_score
brand_bloomberg-com_d796fc78,Bloomberg,Bloomberg,bloomberg.com,consumer_electronics,laptop,commercial,false,0.722,false,false,false,0,low_cleaning_score
brand_indiatimes-com_fa3b1d14,Indiatimes,Indiatimes,indiatimes.com,fashion,apparel,publisher,false,0.722,false,false,false,0,publisher_not_allowed|low_cleaning_score
brand_newscientist-com_a939bf42,Newscientist,Newscientist,newscientist.com,local_services,food_delivery,publisher,false,0.722,false,false,false,0,publisher_not_allowed|low_cleaning_score
brand_mediafire-com_ab7b9434,Mediafire,Mediafire,mediafire.com,art_culture,craft,publisher,false,0.722,false,false,false,0,publisher_not_allowed|low_cleaning_score
brand_technologyreview-com_411adb33,Technologyreview,Technologyreview,technologyreview.com,food_beverage,snacks,commercial,false,0.687,false,false,false,0,low_cleaning_score
brand_chinadaily-com-cn_d6c16cd5,Chinadaily,Chinadaily,chinadaily.com.cn,sports_outdoor,fitness,publisher,false,0.722,false,false,false,0,publisher_not_allowed|low_cleaning_score
brand_usnews-com_34eab190,Usnews,Usnews,usnews.com,beauty_personal_care,cosmetics,publisher,false,0.722,false,false,false,0,publisher_not_allowed|low_cleaning_score
brand_newsweek-com_cec3a908,Newsweek,Newsweek,newsweek.com,beauty_personal_care,skincare,publisher,false,0.722,false,false,false,0,publisher_not_allowed|low_cleaning_score
brand_wikihow-com_1d330ce1,Wikihow,Wikihow,wikihow.com,beauty_personal_care,cosmetics,commercial,false,0.822,false,false,false,0,brand_name_noise
brand_medicalnewstoday-com_81267863,Medicalnewstoday,Medicalnewstoday,medicalnewstoday.com,gaming_entertainment,gaming,publisher,false,0.722,false,false,false,0,publisher_not_allowed|low_cleaning_score
brand_threads-com_3458a57c,Threads,Threads,threads.com,home_improvement,home_decor,commercial,false,0.687,true,false,false,0,polluted_source_name|brand_name_noise|low_cleaning_score
brand_wikisource-org_06ccc044,Wikisource,Wikisource,wikisource.org,pet,pet_supplies,commercial,false,0.822,false,false,false,0,brand_name_noise
brand_1688-com_56736660,1688,1688,1688.com,developer_tools,dev_platform,commercial,false,0.822,false,false,false,0,numeric_brand_name
brand_wikibooks-org_f15dd123,Wikibooks,Wikibooks,wikibooks.org,health_wellness,healthcare,commercial,false,0.822,false,false,false,0,brand_name_noise
brand_hindustantimes-com_706d3870,Hindustantimes,Hindustantimes,hindustantimes.com,mobility,automotive,publisher,false,0.722,false,false,false,0,publisher_not_allowed|low_cleaning_score
brand_americanexpress-com_08ec1210,Americanexpress,Americanexpress,americanexpress.com,saas,productivity,publisher,false,0.722,false,false,false,0,publisher_not_allowed|low_cleaning_score
brand_mediawiki-org_d854b16e,Mediawiki,Mediawiki,mediawiki.org,travel_hospitality,hotel_booking,publisher,false,0.722,false,false,false,0,publisher_not_allowed|brand_name_noise|low_cleaning_score
brand_urbandictionary-com_fa6c35e9,Urbandictionary,Urbandictionary,urbandictionary.com,education,online_learning,commercial,false,0.822,false,false,false,0,brand_name_noise
brand_thefreedictionary-com_3ec301c0,Thefreedictionary,Thefreedictionary,thefreedictionary.com,saas,productivity,commercial,false,0.822,false,false,false,0,brand_name_noise
brand_sciencedaily-com_cbd3987b,Sciencedaily,Sciencedaily,sciencedaily.com,consumer_electronics,smartphone,publisher,false,0.722,false,false,false,0,publisher_not_allowed|low_cleaning_score
brand_gov-br_8f1441fd,Gov,Gov,gov.br,health_wellness,healthcare,institution,false,0.822,false,false,false,0,domain_type_blocked:institution|generic_brand_name
brand_indianexpress-com_55874c42,Indianexpress,Indianexpress,indianexpress.com,home_appliance,kitchen_appliance,publisher,false,0.722,false,false,false,0,publisher_not_allowed|low_cleaning_score
brand_jpost-com_69194508,Jpost,Jpost,jpost.com,health_wellness,healthcare,publisher,false,0.722,false,false,false,0,publisher_not_allowed|low_cleaning_score
brand_irishtimes-com_c19de700,Irishtimes,Irishtimes,irishtimes.com,finance,digital_banking,publisher,false,0.722,false,false,false,0,publisher_not_allowed|low_cleaning_score
brand_360-cn_3f6fccf2,360,360,360.cn,travel_hospitality,hotel_booking,commercial,false,0.822,false,false,false,0,numeric_brand_name
brand_shorturl-at_05ac28a6,Shorturl,Shorturl,shorturl.at,fashion,footwear,shortlink,false,0.822,false,false,false,0,domain_type_blocked:shortlink
brand_seattletimes-com_9dffb7f3,Seattletimes,Seattletimes,seattletimes.com,finance,digital_banking,publisher,false,0.722,false,false,false,0,publisher_not_allowed|low_cleaning_score
brand_timesofisrael-com_049e86af,Timesofisrael,Timesofisrael,timesofisrael.com,home_appliance,kitchen_appliance,publisher,false,0.722,false,false,false,0,publisher_not_allowed|low_cleaning_score
brand_herokuapp-com_76446981,Herokuapp,Herokuapp,herokuapp.com,home_improvement,home_decor,infra-hosting,false,0.822,false,false,false,0,domain_type_blocked:infra-hosting
brand_searchenginejournal-com_6938cc0c,Searchenginejournal,Searchenginejournal,searchenginejournal.com,b2b_services,business_service,publisher,false,0.722,false,false,false,0,publisher_not_allowed|low_cleaning_score
brand_wikidot-com_ba7ac9f3,Wikidot,Wikidot,wikidot.com,health_wellness,healthcare,commercial,false,0.822,false,false,false,0,brand_name_noise
brand_oxfordjournals-org_ec2e3f9c,Oxfordjournals,Oxfordjournals,oxfordjournals.org,local_services,food_delivery,publisher,false,0.722,false,false,false,0,publisher_not_allowed|low_cleaning_score
brand_ahajournals-org_ecdb73f9,Ahajournals,Ahajournals,ahajournals.org,mobility,automotive,publisher,false,0.722,false,false,false,0,publisher_not_allowed|low_cleaning_score
brand_archdaily-com_1d0345be,Archdaily,Archdaily,archdaily.com,baby_parenting,baby_products,publisher,false,0.722,false,false,false,0,publisher_not_allowed|low_cleaning_score
brand_mercurynews-com_40b58aa0,Mercurynews,Mercurynews,mercurynews.com,health_wellness,healthcare,publisher,false,0.722,false,false,false,0,publisher_not_allowed|low_cleaning_score
brand_laravel-news-com_55066812,Laravel News,Laravel News,laravel-news.com,travel_hospitality,hotel_booking,publisher,false,0.722,false,false,false,0,publisher_not_allowed|low_cleaning_score
brand_chicagotribune-com_7a6412bb,Chicagotribune,Chicagotribune,chicagotribune.com,beauty_personal_care,cosmetics,publisher,false,0.722,false,false,false,0,publisher_not_allowed|low_cleaning_score
brand_service-gov-uk_1ba7ebf1,Service,Service,service.gov.uk,consumer_electronics,smartphone,commercial,false,0.822,false,false,false,0,generic_brand_name
brand_edu-au_94c8297f,Edu,Edu,edu.au,finance,digital_banking,institution,false,0.822,false,false,false,0,domain_type_blocked:institution|generic_brand_name
brand_straitstimes-com_7b8921ba,Straitstimes,Straitstimes,straitstimes.com,home_appliance,kitchen_appliance,publisher,false,0.722,false,false,false,0,publisher_not_allowed|low_cleaning_score
brand_netlify-app_35a5eee3,Netlify,Netlify,netlify.app,consumer_electronics,laptop,infra-hosting,false,0.822,false,false,false,0,domain_type_blocked:infra-hosting
brand_japantimes-co-jp_18024b60,Japantimes,Japantimes,japantimes.co.jp,gaming_entertainment,gaming,publisher,false,0.722,false,false,false,0,publisher_not_allowed|low_cleaning_score
brand_smashingmagazine-com_04577851,Smashingmagazine,Smashingmagazine,smashingmagazine.com,home_appliance,kitchen_appliance,publisher,false,0.822,false,false,false,0,publisher_not_allowed
brand_wikia-com_822be220,Wikia,Wikia,wikia.com,consumer_electronics,laptop,commercial,false,0.822,false,false,false,0,brand_name_noise
brand_wikiquote-org_5bb471e9,Wikiquote,Wikiquote,wikiquote.org,education,online_learning,commercial,false,0.822,false,false,false,0,brand_name_noise
brand_thetimes-com_fdb53a30,Thetimes,Thetimes,thetimes.com,food_beverage,snacks,publisher,false,0.722,false,false,false,0,publisher_not_allowed|low_cleaning_score
brand_ibtimes-com_8043f72c,Ibtimes,Ibtimes,ibtimes.com,saas,productivity,publisher,false,0.722,false,false,false,0,publisher_not_allowed|low_cleaning_score
brand_thetimes-co-uk_82b4daff,Thetimes,Thetimes,thetimes.co.uk,consumer_electronics,smartphone,publisher,false,0.722,false,false,false,0,publisher_not_allowed|low_cleaning_score
brand_nationalpost-com_2980082f,Nationalpost,Nationalpost,nationalpost.com,developer_tools,dev_platform,publisher,false,0.722,false,false,false,0,publisher_not_allowed|low_cleaning_score
brand_startribune-com_863511fd,Startribune,Startribune,startribune.com,food_beverage,snacks,publisher,false,0.722,false,false,false,0,publisher_not_allowed|low_cleaning_score
brand_chinanews-com_b7173758,Chinanews,Chinanews,chinanews.com,art_culture,craft,publisher,false,0.722,false,false,false,0,publisher_not_allowed|low_cleaning_score
brand_whiterabbitpress-com_9fa9d95e,Whiterabbitpress,Whiterabbitpress,whiterabbitpress.com,health_wellness,healthcare,publisher,false,0.722,false,false,false,0,publisher_not_allowed|low_cleaning_score
brand_denverpost-com_755b6188,Denverpost,Denverpost,denverpost.com,saas,productivity,publisher,false,0.722,false,false,false,0,publisher_not_allowed|low_cleaning_score
brand_suntimes-com_c80cd390,Suntimes,Suntimes,suntimes.com,health_wellness,healthcare,publisher,false,0.722,false,false,false,0,publisher_not_allowed|low_cleaning_score
brand_pressreader-com_b7ab6b14,Pressreader,Pressreader,pressreader.com,saas,productivity,publisher,false,0.722,false,false,false,0,publisher_not_allowed|low_cleaning_score
brand_bizjournals-com_7ee3e446,Bizjournals,Bizjournals,bizjournals.com,consumer_electronics,smartphone,publisher,false,0.722,false,false,false,0,publisher_not_allowed|low_cleaning_score
brand_news-medical-net_6b4a3f22,News Medical,News Medical,news-medical.net,saas,productivity,publisher,false,0.722,false,false,false,0,publisher_not_allowed|low_cleaning_score
brand_economictimes-com_8701c77c,Economictimes,Economictimes,economictimes.com,education,online_learning,publisher,false,0.722,false,false,false,0,publisher_not_allowed|low_cleaning_score
brand_edu-cn_8fd9e7e6,Edu,Edu,edu.cn,gaming_entertainment,gaming,institution,false,0.822,false,false,false,0,domain_type_blocked:institution|generic_brand_name
brand_huffingtonpost-co-uk_3605366c,Huffingtonpost,Huffingtonpost,huffingtonpost.co.uk,home_improvement,home_decor,publisher,false,0.722,false,false,false,0,publisher_not_allowed|low_cleaning_score
brand_digital-com_12ddd837,Digital,Digital,digital.com,fashion,apparel,commercial,false,0.822,false,false,false,0,generic_brand_name
brand_timeshighereducation-com_99450b7e,Timeshighereducation,Timeshighereducation,timeshighereducation.com,sports_outdoor,fitness,publisher,false,0.722,false,false,false,0,publisher_not_allowed|low_cleaning_score
brand_dallasnews-com_e97ec77e,Dallasnews,Dallasnews,dallasnews.com,gaming_entertainment,gaming,publisher,false,0.722,false,false,false,0,publisher_not_allowed|low_cleaning_score
brand_express-co-uk_f40896fc,Express,Express,express.co.uk,consumer_electronics,laptop,publisher,false,0.722,false,false,false,0,publisher_not_allowed|low_cleaning_score
brand_timesonline-co-uk_a2415527,Timesonline,Timesonline,timesonline.co.uk,local_services,food_delivery,publisher,false,0.722,false,false,false,0,publisher_not_allowed|low_cleaning_score
brand_rb-gy_cf8fd7b1,Rb,Rb,rb.gy,mobility,automotive,shortlink,false,0.822,false,false,false,0,domain_type_blocked:shortlink
brand_wikimapia-org_1111c9ed,Wikimapia,Wikimapia,wikimapia.org,pet,pet_supplies,commercial,false,0.822,false,false,false,0,brand_name_noise
brand_channelnewsasia-com_03f62110,Channelnewsasia,Channelnewsasia,channelnewsasia.com,education,online_learning,publisher,false,0.722,false,false,false,0,publisher_not_allowed|low_cleaning_score
brand_dictionary-com_aa6ffdc2,Dictionary,Dictionary,dictionary.com,fashion,apparel,commercial,false,0.822,false,false,false,0,brand_name_noise
brand_discovermagazine-com_2e7cfe72,Discovermagazine,Discovermagazine,discovermagazine.com,finance,digital_banking,publisher,false,0.822,false,false,false,0,publisher_not_allowed
brand_medicalxpress-com_e26f5579,Medicalxpress,Medicalxpress,medicalxpress.com,pet,pet_supplies,publisher,false,0.722,false,false,false,0,publisher_not_allowed|low_cleaning_score
brand_sandiegouniontribune-com_277f0ae2,Sandiegouniontribune,Sandiegouniontribune,sandiegouniontribune.com,sports_outdoor,fitness,publisher,false,0.722,false,false,false,0,publisher_not_allowed|low_cleaning_score
brand_voanews-com_d46729e2,Voanews,Voanews,voanews.com,beauty_personal_care,cosmetics,publisher,false,0.722,false,false,false,0,publisher_not_allowed|low_cleaning_score
brand_worldpopulationreview-com_76a9895b,Worldpopulationreview,Worldpopulationreview,worldpopulationreview.com,sports_outdoor,fitness,commercial,false,0.687,false,false,false,0,low_cleaning_score
brand_is-gd_1ea9b8ea,Is,Is,is.gd,consumer_electronics,laptop,shortlink,false,0.822,false,false,false,0,domain_type_blocked:shortlink
brand_digitaljournal-com_e6a14252,Digitaljournal,Digitaljournal,digitaljournal.com,mobility,automotive,publisher,false,0.722,false,false,false,0,publisher_not_allowed|low_cleaning_score
brand_wikiwand-com_5f01cfe1,Wikiwand,Wikiwand,wikiwand.com,home_appliance,kitchen_appliance,commercial,false,0.822,false,false,false,0,brand_name_noise
brand_gulfnews-com_1a03bdeb,Gulfnews,Gulfnews,gulfnews.com,b2b_services,business_service,publisher,false,0.722,false,false,false,0,publisher_not_allowed|low_cleaning_score
brand_nydailynews-com_4570a390,Nydailynews,Nydailynews,nydailynews.com,consumer_electronics,laptop,publisher,false,0.722,false,false,false,0,publisher_not_allowed|low_cleaning_score
brand_buzzfeednews-com_3d0ff518,Buzzfeednews,Buzzfeednews,buzzfeednews.com,gaming_entertainment,gaming,publisher,false,0.722,false,false,false,0,publisher_not_allowed|low_cleaning_score
brand_thedailybeast-com_b8e6d327,Thedailybeast,Thedailybeast,thedailybeast.com,consumer_electronics,smartphone,publisher,false,0.722,false,false,false,0,publisher_not_allowed|low_cleaning_score
brand_businessnewsdaily-com_8a5051be,Businessnewsdaily,Businessnewsdaily,businessnewsdaily.com,developer_tools,dev_platform,publisher,false,0.722,false,false,false,0,publisher_not_allowed|low_cleaning_score
brand_gov-pl_e16b6be7,Gov,Gov,gov.pl,education,online_learning,institution,false,0.822,false,false,false,0,domain_type_blocked:institution|generic_brand_name
brand_nationalreview-com_e223ad17,Nationalreview,Nationalreview,nationalreview.com,baby_parenting,baby_products,commercial,false,0.687,false,false,false,0,low_cleaning_score
brand_helpguide-org_cad2ab90,Helpguide,Helpguide,helpguide.org,local_services,food_delivery,commercial,false,0.687,true,false,false,0,polluted_source_name|brand_name_noise|low_cleaning_score
brand_financialexpress-com_40e76802,Financialexpress,Financialexpress,financialexpress.com,travel_hospitality,hotel_booking,publisher,false,0.722,false,false,false,0,publisher_not_allowed|low_cleaning_score
brand_post-gazette-com_8eec7311,Post Gazette,Post Gazette,post-gazette.com,developer_tools,dev_platform,publisher,false,0.722,false,false,false,0,publisher_not_allowed|low_cleaning_score
brand_vaticannews-va_eae733be,Vaticannews,Vaticannews,vaticannews.va,home_appliance,kitchen_appliance,publisher,false,0.722,false,false,false,0,publisher_not_allowed|low_cleaning_score
brand_cafepress-com_ae1c9e50,Cafepress,Cafepress,cafepress.com,food_beverage,snacks,publisher,false,0.722,false,false,false,0,publisher_not_allowed|low_cleaning_score
brand_ardmediathek-de_96c359b2,Ardmediathek,Ardmediathek,ardmediathek.de,b2b_services,business_service,publisher,false,0.722,false,false,false,0,publisher_not_allowed|low_cleaning_score
brand_globalnews-ca_7676f1d2,Globalnews,Globalnews,globalnews.ca,fashion,footwear,publisher,false,0.722,false,false,false,0,publisher_not_allowed|low_cleaning_score
brand_wikispaces-com_18d7a3ac,Wikispaces,Wikispaces,wikispaces.com,art_culture,craft,commercial,false,0.822,false,false,false,0,brand_name_noise
brand_annualreviews-org_79c623da,Annualreviews,Annualreviews,annualreviews.org,finance,digital_banking,commercial,false,0.687,false,false,false,0,low_cleaning_score
brand_edu-tw_302137af,Edu,Edu,edu.tw,food_beverage,snacks,institution,false,0.822,false,false,false,0,domain_type_blocked:institution|generic_brand_name
brand_ibtimes-co-uk_e8ca9906,Ibtimes,Ibtimes,ibtimes.co.uk,art_culture,craft,publisher,false,0.722,false,false,false,0,publisher_not_allowed|low_cleaning_score
brand_japanpost-jp_c849cb2c,Japanpost,Japanpost,japanpost.jp,developer_tools,dev_platform,publisher,false,0.722,false,false,false,0,publisher_not_allowed|low_cleaning_score
brand_sciencenews-org_49285f32,Sciencenews,Sciencenews,sciencenews.org,food_beverage,snacks,publisher,false,0.722,false,false,false,0,publisher_not_allowed|low_cleaning_score
brand_thenationalnews-com_d7542bf2,Thenationalnews,Thenationalnews,thenationalnews.com,health_wellness,healthcare,publisher,false,0.722,false,false,false,0,publisher_not_allowed|low_cleaning_score
brand_firstpost-com_325742e9,Firstpost,Firstpost,firstpost.com,art_culture,craft,publisher,false,0.722,false,false,false,0,publisher_not_allowed|low_cleaning_score
brand_newsday-com_9628e52f,Newsday,Newsday,newsday.com,education,online_learning,publisher,false,0.722,false,false,false,0,publisher_not_allowed|low_cleaning_score
brand_impress-co-jp_26d2d7ec,Impress,Impress,impress.co.jp,local_services,food_delivery,publisher,false,0.722,false,false,false,0,publisher_not_allowed|low_cleaning_score
brand_detroitnews-com_23cd1f62,Detroitnews,Detroitnews,detroitnews.com,finance,digital_banking,publisher,false,0.722,false,false,false,0,publisher_not_allowed|low_cleaning_score
brand_news18-com_dc49450e,News18,News18,news18.com,sports_outdoor,fitness,publisher,false,0.722,false,false,false,0,publisher_not_allowed|low_cleaning_score
brand_usmagazine-com_91a0ac51,Usmagazine,Usmagazine,usmagazine.com,food_beverage,snacks,publisher,false,0.822,false,false,false,0,publisher_not_allowed
brand_newstatesman-com_f4beda6c,Newstatesman,Newstatesman,newstatesman.com,health_wellness,healthcare,publisher,false,0.722,false,false,false,0,publisher_not_allowed|low_cleaning_score
brand_inews-co-uk_96805e8a,Inews,Inews,inews.co.uk,finance,digital_banking,publisher,false,0.722,false,false,false,0,publisher_not_allowed|low_cleaning_score
brand_socialmediatoday-com_22227ec1,Socialmediatoday,Socialmediatoday,socialmediatoday.com,education,online_learning,publisher,false,0.722,false,false,false,0,publisher_not_allowed|low_cleaning_score
brand_tutorialspoint-com_cf573663,Tutorialspoint,Tutorialspoint,tutorialspoint.com,baby_parenting,baby_products,commercial,false,0.822,true,false,false,0,polluted_source_name|brand_name_noise
brand_reviewjournal-com_eb6d302a,Reviewjournal,Reviewjournal,reviewjournal.com,home_improvement,home_decor,publisher,false,0.587,false,false,false,0,publisher_not_allowed|low_cleaning_score
brand_dailystar-co-uk_d2276ab6,Dailystar,Dailystar,dailystar.co.uk,baby_parenting,baby_products,publisher,false,0.722,false,false,false,0,publisher_not_allowed|low_cleaning_score
brand_ctvnews-ca_a6bfcf3d,Ctvnews,Ctvnews,ctvnews.ca,consumer_electronics,smartphone,publisher,false,0.722,false,false,false,0,publisher_not_allowed|low_cleaning_score
brand_postimg-org_c06ff8e5,Postimg,Postimg,postimg.org,saas,productivity,publisher,false,0.722,false,false,false,0,publisher_not_allowed|low_cleaning_score
brand_arabnews-com_44e33d59,Arabnews,Arabnews,arabnews.com,saas,productivity,publisher,false,0.722,false,false,false,0,publisher_not_allowed|low_cleaning_score
brand_europapress-es_bfec286b,Europapress,Europapress,europapress.es,education,online_learning,publisher,false,0.722,false,false,false,0,publisher_not_allowed|low_cleaning_score
brand_postheaven-net_58d744ce,Postheaven,Postheaven,postheaven.net,saas,productivity,publisher,false,0.722,false,false,false,0,publisher_not_allowed|low_cleaning_score
brand_themoscowtimes-com_4b5e99d9,Themoscowtimes,Themoscowtimes,themoscowtimes.com,sports_outdoor,fitness,publisher,false,0.722,false,false,false,0,publisher_not_allowed|low_cleaning_score
brand_washingtontimes-com_2be4f982,Washingtontimes,Washingtontimes,washingtontimes.com,fashion,footwear,publisher,false,0.722,false,false,false,0,publisher_not_allowed|low_cleaning_score
brand_sportingnews-com_3f133ecf,Sportingnews,Sportingnews,sportingnews.com,art_culture,craft,publisher,false,0.722,false,false,false,0,publisher_not_allowed|low_cleaning_score
brand_miamiherald-com_6097cc17,Miamiherald,Miamiherald,miamiherald.com,consumer_electronics,smartphone,publisher,false,0.722,false,false,false,0,publisher_not_allowed|low_cleaning_score
brand_thehackernews-com_914804fd,Thehackernews,Thehackernews,thehackernews.com,home_improvement,home_decor,publisher,false,0.722,false,false,false,0,publisher_not_allowed|low_cleaning_score
brand_dailydot-com_fec5ff25,Dailydot,Dailydot,dailydot.com,travel_hospitality,hotel_booking,publisher,false,0.722,false,false,false,0,publisher_not_allowed|low_cleaning_score
brand_getyourguide-com_5bc68c12,Getyourguide,Getyourguide,getyourguide.com,home_appliance,kitchen_appliance,commercial,false,0.687,true,false,false,0,polluted_source_name|brand_name_noise|low_cleaning_score
brand_guidestar-org_cf2bdc5e,Guidestar,Guidestar,guidestar.org,sports_outdoor,fitness,commercial,false,0.687,true,false,false,0,polluted_source_name|brand_name_noise|low_cleaning_score
brand_newswire-ca_87de70ab,Newswire,Newswire,newswire.ca,home_improvement,home_decor,publisher,false,0.722,false,false,false,0,publisher_not_allowed|low_cleaning_score
brand_posterous-com_df1b36d9,Posterous,Posterous,posterous.com,finance,digital_banking,publisher,false,0.722,false,false,false,0,publisher_not_allowed|low_cleaning_score
brand_12377-cn_6399adea,12377,12377,12377.cn,baby_parenting,baby_products,commercial,false,0.822,false,false,false,0,numeric_brand_name
brand_lexpress-fr_8f425326,Lexpress,Lexpress,lexpress.fr,education,online_learning,publisher,false,0.722,false,false,false,0,publisher_not_allowed|low_cleaning_score
brand_divephotoguide-com_b26f036b,Divephotoguide,Divephotoguide,divephotoguide.com,art_culture,craft,commercial,false,0.687,true,false,false,0,polluted_source_name|brand_name_noise|low_cleaning_score
brand_bostonherald-com_b574fc6f,Bostonherald,Bostonherald,bostonherald.com,health_wellness,healthcare,publisher,false,0.722,false,false,false,0,publisher_not_allowed|low_cleaning_score
brand_timesunion-com_b21aeaf6,Timesunion,Timesunion,timesunion.com,art_culture,craft,publisher,false,0.722,false,false,false,0,publisher_not_allowed|low_cleaning_score
brand_commonsensemedia-org_22bdf211,Commonsensemedia,Commonsensemedia,commonsensemedia.org,finance,digital_banking,publisher,false,0.722,false,false,false,0,publisher_not_allowed|low_cleaning_score
brand_newsmax-com_c8d0b392,Newsmax,Newsmax,newsmax.com,health_wellness,healthcare,publisher,false,0.722,false,false,false,0,publisher_not_allowed|low_cleaning_score
brand_libguides-com_07ba2ff3,Libguides,Libguides,libguides.com,education,online_learning,commercial,false,0.687,true,false,false,0,polluted_source_name|brand_name_noise|low_cleaning_score
brand_devpost-com_86d566b5,Devpost,Devpost,devpost.com,local_services,food_delivery,publisher,false,0.722,false,false,false,0,publisher_not_allowed|low_cleaning_score
brand_expressvpn-com_0a2cd3ec,Expressvpn,Expressvpn,expressvpn.com,health_wellness,healthcare,publisher,false,0.722,false,false,false,0,publisher_not_allowed|low_cleaning_score
brand_wikitravel-org_bb5d4599,Wikitravel,Wikitravel,wikitravel.org,local_services,food_delivery,commercial,false,0.822,false,false,false,0,brand_name_noise
brand_mynewsdesk-com_b9fb1882,Mynewsdesk,Mynewsdesk,mynewsdesk.com,sports_outdoor,fitness,publisher,false,0.722,false,false,false,0,publisher_not_allowed|low_cleaning_score
brand_dailykos-com_f88ee07e,Dailykos,Dailykos,dailykos.com,developer_tools,dev_platform,publisher,false,0.722,false,false,false,0,publisher_not_allowed|low_cleaning_score
brand_dailycaller-com_836b3a1a,Dailycaller,Dailycaller,dailycaller.com,art_culture,craft,publisher,false,0.722,false,false,false,0,publisher_not_allowed|low_cleaning_score
brand_mediaroom-com_9146923d,Mediaroom,Mediaroom,mediaroom.com,home_improvement,home_decor,publisher,false,0.722,false,false,false,0,publisher_not_allowed|low_cleaning_score
brand_51-la_c5c800bd,51,51,51.la,beauty_personal_care,cosmetics,commercial,false,0.822,false,false,false,0,numeric_brand_name
brand_media-amazon-com_9733b62e,Media Amazon,Media Amazon,media-amazon.com,home_improvement,home_decor,publisher,false,0.722,false,false,false,0,publisher_not_allowed|low_cleaning_score
brand_yourdictionary-com_e127f1d6,Yourdictionary,Yourdictionary,yourdictionary.com,finance,digital_banking,commercial,false,0.822,false,false,false,0,brand_name_noise
brand_abcnews-com_592370aa,Abcnews,Abcnews,abcnews.com,fashion,apparel,publisher,false,0.722,false,false,false,0,publisher_not_allowed|low_cleaning_score
brand_diabetesjournals-org_cde35e35,Diabetesjournals,Diabetesjournals,diabetesjournals.org,sports_outdoor,fitness,publisher,false,0.722,false,false,false,0,publisher_not_allowed|low_cleaning_score
brand_mensjournal-com_75e30aa4,Mensjournal,Mensjournal,mensjournal.com,baby_parenting,baby_products,publisher,false,0.722,false,false,false,0,publisher_not_allowed|low_cleaning_score
brand_189-cn_50ef6c03,189,189,189.cn,saas,productivity,commercial,false,0.822,false,false,false,0,numeric_brand_name
brand_postimg-cc_da316d22,Postimg,Postimg,postimg.cc,fashion,apparel,publisher,false,0.722,false,false,false,0,publisher_not_allowed|low_cleaning_score
brand_acpjournals-org_0c8c9b75,Acpjournals,Acpjournals,acpjournals.org,local_services,food_delivery,publisher,false,0.722,false,false,false,0,publisher_not_allowed|low_cleaning_score
brand_deccanherald-com_09c5748b,Deccanherald,Deccanherald,deccanherald.com,sports_outdoor,fitness,publisher,false,0.722,false,false,false,0,publisher_not_allowed|low_cleaning_score
brand_itmedia-co-jp_88be3632,Itmedia,Itmedia,itmedia.co.jp,health_wellness,healthcare,publisher,false,0.722,false,false,false,0,publisher_not_allowed|low_cleaning_score
brand_huffingtonpost-ca_07c74bd8,Huffingtonpost,Huffingtonpost,huffingtonpost.ca,mobility,automotive,publisher,false,0.722,false,false,false,0,publisher_not_allowed|low_cleaning_score
brand_vnexpress-net_b574bbdd,Vnexpress,Vnexpress,vnexpress.net,sports_outdoor,fitness,publisher,false,0.722,false,false,false,0,publisher_not_allowed|low_cleaning_score
brand_gq-magazine-co-uk_fa0466fc,Gq Magazine,Gq Magazine,gq-magazine.co.uk,art_culture,craft,publisher,false,0.822,false,false,false,0,publisher_not_allowed
brand_newindianexpress-com_6124ff23,Newindianexpress,Newindianexpress,newindianexpress.com,finance,digital_banking,publisher,false,0.722,false,false,false,0,publisher_not_allowed|low_cleaning_score
brand_khaleejtimes-com_bb9d2913,Khaleejtimes,Khaleejtimes,khaleejtimes.com,saas,productivity,publisher,false,0.722,false,false,false,0,publisher_not_allowed|low_cleaning_score
brand_cybernews-com_2a50f041,Cybernews,Cybernews,cybernews.com,developer_tools,dev_platform,publisher,false,0.722,false,false,false,0,publisher_not_allowed|low_cleaning_score
brand_edu-sg_29e794dc,Edu,Edu,edu.sg,fashion,apparel,institution,false,0.822,false,false,false,0,domain_type_blocked:institution|generic_brand_name
brand_thejakartapost-com_16317dd1,Thejakartapost,Thejakartapost,thejakartapost.com,b2b_services,business_service,publisher,false,0.722,false,false,false,0,publisher_not_allowed|low_cleaning_score
brand_natlawreview-com_ef6eddb1,Natlawreview,Natlawreview,natlawreview.com,travel_hospitality,hotel_booking,commercial,false,0.687,false,false,false,0,low_cleaning_score
brand_theepochtimes-com_47e776ab,Theepochtimes,Theepochtimes,theepochtimes.com,beauty_personal_care,cosmetics,publisher,false,0.722,false,false,false,0,publisher_not_allowed|low_cleaning_score
brand_naturalnews-com_4b2d7714,Naturalnews,Naturalnews,naturalnews.com,mobility,automotive,publisher,false,0.722,false,false,false,0,publisher_not_allowed|low_cleaning_score
brand_edu-pl_2b5c44b1,Edu,Edu,edu.pl,art_culture,craft,institution,false,0.822,false,false,false,0,domain_type_blocked:institution|generic_brand_name
brand_12371-cn_c5fb3d28,12371,12371,12371.cn,gaming_entertainment,gaming,commercial,false,0.822,false,false,false,0,numeric_brand_name
brand_newsobserver-com_293a622e,Newsobserver,Newsobserver,newsobserver.com,health_wellness,healthcare,publisher,false,0.722,false,false,false,0,publisher_not_allowed|low_cleaning_score
brand_hellomagazine-com_ee299314,Hellomagazine,Hellomagazine,hellomagazine.com,education,online_learning,publisher,false,0.822,false,false,false,0,publisher_not_allowed
brand_owlethome-com_c8d2d8bb,Owlet Home - Smart Home,Owlet Home - Smart Home,owlethome.com,consumer_electronics,pet_supplies,commercial,true,0.835,false,false,true,2,too_many_tokens
brand_petwant-com_742b6977,Petwant,Petwant,petwant.com,consumer_electronics,pet_supplies,commercial,false,0.902,false,false,false,1,parked_or_interstitial
brand_puramax-com_78d0e303,Puramax,Puramax,puramax.com,consumer_electronics,pet_supplies,commercial,false,0.902,false,false,false,1,parked_or_interstitial
brand_petory-com_4d564f10,Petory,Petory,petory.com,consumer_electronics,pet_supplies,commercial,false,0.902,false,false,false,1,parked_or_interstitial
brand_originpc-com_29cc6165,Originpc,Originpc,originpc.com,consumer_electronics,laptop,commercial,false,0.91,false,false,false,1,parked_or_interstitial
brand_frame-work_2a2e84a1,Frame,Frame,frame.work,consumer_electronics,laptop,commercial,false,0.906,false,false,false,1,parked_or_interstitial
brand_schenker-tech-de_15948277,Schenker Tech,Schenker Tech,schenker-tech.de,consumer_electronics,laptop,commercial,false,0.906,false,false,false,1,parked_or_interstitial
brand_xmg-gg_dc97333c,Xmg,Xmg,xmg.gg,consumer_electronics,laptop,commercial,false,0.906,false,false,false,1,parked_or_interstitial
brand_nec-com_9635ac19,Nec,Nec,nec.com,consumer_electronics,laptop,commercial,false,0.906,false,false,false,1,parked_or_interstitial
brand_digitalstorm-com_4fc852f5,Digitalstorm,Digitalstorm,digitalstorm.com,consumer_electronics,laptop,commercial,false,0.906,false,false,false,1,parked_or_interstitial
brand_pcspecialist-co-uk_5145ac67,Pcspecialist,Pcspecialist,pcspecialist.co.uk,consumer_electronics,laptop,commercial,false,0.906,false,false,false,1,parked_or_interstitial
brand_mifcom-de_0920aec5,Mifcom,Mifcom,mifcom.de,consumer_electronics,laptop,commercial,false,0.906,false,false,false,1,parked_or_interstitial
brand_gigabyte-com_f8b03189,Gigabyte,Gigabyte,gigabyte.com,consumer_electronics,laptop,commercial,false,0.896,false,false,false,1,parked_or_interstitial
brand_hasee-com_42777cb6,Hasee,Hasee,hasee.com,consumer_electronics,laptop,commercial,false,0.896,false,false,false,1,parked_or_interstitial
brand_lancome-usa-com_9566ee3d,Lancome Usa,Lancome Usa,lancome-usa.com,beauty_personal_care,cosmetics,commercial,false,0.908,false,false,false,1,parked_or_interstitial
brand_garnierusa-com_4ff7af4f,Garnierusa,Garnierusa,garnierusa.com,beauty_personal_care,cosmetics,commercial,false,0.908,false,false,false,1,parked_or_interstitial
brand_nyxcosmetics-com_9888eb07,Nyxcosmetics,Nyxcosmetics,nyxcosmetics.com,beauty_personal_care,cosmetics,commercial,false,0.908,false,false,false,1,parked_or_interstitial
brand_kiehls-com_0bd82383,Kiehls,Kiehls,kiehls.com,beauty_personal_care,cosmetics,commercial,false,0.908,false,false,false,1,parked_or_interstitial
brand_yslbeautyus-com_8ce31af3,Yslbeautyus,Yslbeautyus,yslbeautyus.com,beauty_personal_care,cosmetics,commercial,false,0.908,false,false,false,1,parked_or_interstitial
brand_urbandecay-com_e0d34cb9,Urbandecay,Urbandecay,urbandecay.com,beauty_personal_care,cosmetics,commercial,false,0.908,false,false,false,1,parked_or_interstitial
brand_itcosmetics-com_8e1f9a0c,Itcosmetics,Itcosmetics,itcosmetics.com,beauty_personal_care,cosmetics,commercial,false,0.908,false,false,false,1,parked_or_interstitial
brand_laroche-posay-us_3eaa4a16,Laroche Posay,Laroche Posay,laroche-posay.us,beauty_personal_care,cosmetics,commercial,false,0.908,false,false,false,1,parked_or_interstitial
brand_vichyusa-com_8d02363d,Vichyusa,Vichyusa,vichyusa.com,beauty_personal_care,cosmetics,commercial,false,0.908,false,false,false,1,parked_or_interstitial
brand_esteelauder-com_f546840e,Esteelauder,Esteelauder,esteelauder.com,beauty_personal_care,cosmetics,commercial,false,0.908,false,false,false,1,parked_or_interstitial
brand_toofaced-com_9ea53a1f,Toofaced,Toofaced,toofaced.com,beauty_personal_care,cosmetics,commercial,false,0.908,false,false,false,1,parked_or_interstitial
brand_aesop-com_94a334a5,Aesop,Aesop,aesop.com,beauty_personal_care,cosmetics,commercial,false,0.908,false,false,false,1,parked_or_interstitial
brand_givenchybeauty-com_f8e1eb40,Givenchybeauty,Givenchybeauty,givenchybeauty.com,beauty_personal_care,cosmetics,commercial,false,0.908,false,false,false,1,parked_or_interstitial
brand_guerlain-com_0086883c,Guerlain,Guerlain,guerlain.com,beauty_personal_care,cosmetics,commercial,false,0.908,false,false,false,1,parked_or_interstitial
brand_benefitcosmetics-com_89693952,Benefitcosmetics,Benefitcosmetics,benefitcosmetics.com,beauty_personal_care,cosmetics,commercial,false,0.908,false,false,false,1,parked_or_interstitial
brand_makeupforever-com_861b4ba7,Makeupforever,Makeupforever,makeupforever.com,beauty_personal_care,cosmetics,commercial,false,0.908,false,false,false,1,parked_or_interstitial
brand_hudabeauty-com_054003b5,Hudabeauty,Hudabeauty,hudabeauty.com,beauty_personal_care,cosmetics,commercial,false,0.908,false,false,false,1,parked_or_interstitial
brand_clarinsusa-com_15e70a5b,Clarinsusa,Clarinsusa,clarinsusa.com,beauty_personal_care,cosmetics,commercial,false,0.908,false,false,false,1,parked_or_interstitial
brand_neutrogena-com_b3d2e47c,Neutrogena,Neutrogena,neutrogena.com,beauty_personal_care,cosmetics,commercial,false,0.908,false,false,false,1,parked_or_interstitial
brand_smashbox-com_13345520,Smashbox,Smashbox,smashbox.com,beauty_personal_care,cosmetics,commercial,false,0.898,false,false,false,1,parked_or_interstitial
brand_darphin-com_a095dd4b,Darphin,Darphin,darphin.com,beauty_personal_care,cosmetics,commercial,false,0.898,false,false,false,1,parked_or_interstitial
brand_drjart-com_50fbb673,Drjart,Drjart,drjart.com,beauty_personal_care,cosmetics,commercial,false,0.898,false,false,false,1,parked_or_interstitial
brand_parfums-givenchy-com_41705e1d,Parfums Givenchy,Parfums Givenchy,parfums-givenchy.com,beauty_personal_care,cosmetics,commercial,false,0.898,false,false,false,1,parked_or_interstitial
brand_missguided-com_a4d5af3a,Missguided,MISSGUIDED,missguided.com,fashion,apparel,commercial,true,0.775,true,false,true,2,brand_name_noise|low_cleaning_score
brand_apc-fr_218cc0b6,A.P.C. Paris,A.P.C. Paris,apc.fr,fashion,apparel,commercial,true,0.844,false,false,true,2,high_punctuation_ratio
brand_everpress-com_3d021c08,Everpress,Everpress,everpress.com,fashion,apparel,publisher,true,0.81,false,false,true,2,publisher_not_allowed
brand_brownsfashion-com_d6be8648,Brownsfashion,Browns Designer Fashion &amp; Homeware for Women and Men,brownsfashion.com,fashion,apparel,commercial,true,0.91,false,false,true,3,too_many_tokens|name_too_long
brand_cos-com_c110675f,Cos,Cos,cos.com,fashion,apparel,commercial,false,0.908,false,false,false,1,parked_or_interstitial
brand_arket-com_cb1fc0c8,Arket,Arket,arket.com,fashion,apparel,commercial,false,0.908,false,false,false,1,parked_or_interstitial
brand_weekday-com_91d933d4,Weekday,Weekday,weekday.com,fashion,apparel,commercial,false,0.908,false,false,false,1,parked_or_interstitial
brand_monki-com_2ee64a1d,Monki,Monki,monki.com,fashion,apparel,commercial,false,0.908,false,false,false,1,parked_or_interstitial
brand_massimodutti-com_89434e02,Massimodutti,Massimodutti,massimodutti.com,fashion,apparel,commercial,false,0.908,false,false,false,1,parked_or_interstitial
brand_bershka-com_2362c077,Bershka,Bershka,bershka.com,fashion,apparel,commercial,false,0.908,false,false,false,1,parked_or_interstitial
brand_pullandbear-com_636fe72a,Pullandbear,Pullandbear,pullandbear.com,fashion,apparel,commercial,false,0.908,false,false,false,1,parked_or_interstitial
brand_stradivarius-com_af5c5923,Stradivarius,Stradivarius,stradivarius.com,fashion,apparel,commercial,false,0.908,false,false,false,1,parked_or_interstitial
brand_oysho-com_25bc1b59,Oysho,Oysho,oysho.com,fashion,apparel,commercial,false,0.908,false,false,false,1,parked_or_interstitial
brand_mango-com_1d5d7163,Mango,Mango,mango.com,fashion,apparel,commercial,false,0.908,false,false,false,1,parked_or_interstitial
brand_mangooutlet-com_15469c0c,Mangooutlet,Mangooutlet,mangooutlet.com,fashion,apparel,commercial,false,0.908,false,false,false,1,parked_or_interstitial
brand_primark-com_5280387d,Primark,Primark,primark.com,fashion,apparel,commercial,false,0.908,false,false,false,1,parked_or_interstitial
brand_aritzia-com_a3930982,Aritzia,Aritzia,aritzia.com,fashion,apparel,commercial,false,0.908,false,false,false,1,parked_or_interstitial
brand_madewell-com_1f8f7e68,Madewell,Madewell,madewell.com,fashion,apparel,commercial,false,0.908,false,false,false,1,parked_or_interstitial
brand_express-com_04e860c2,Express,Express,express.com,fashion,apparel,publisher,false,0.808,false,false,false,1,publisher_not_allowed|parked_or_interstitial
brand_brooksbrothers-com_8510b279,Brooksbrothers,Brooksbrothers,brooksbrothers.com,fashion,apparel,commercial,false,0.908,false,false,false,1,parked_or_interstitial
brand_wrangler-com_b90237f7,Wrangler,Wrangler,wrangler.com,fashion,apparel,commercial,false,0.908,false,false,false,1,parked_or_interstitial
brand_lee-com_d28ee8e7,Lee,Lee,lee.com,fashion,apparel,commercial,false,0.908,false,false,false,1,parked_or_interstitial
brand_guess-com_a2889010,Guess,Guess,guess.com,fashion,apparel,commercial,false,0.908,false,false,false,1,parked_or_interstitial
brand_lcwaikiki-com_4bc995f6,Lcwaikiki,Lcwaikiki,lcwaikiki.com,fashion,apparel,commercial,false,0.908,false,false,false,1,parked_or_interstitial
brand_defacto-com_1bd68893,Defacto,Defacto,defacto.com,fashion,apparel,commercial,false,0.908,false,false,false,1,parked_or_interstitial
brand_mavi-com_f6e72409,Mavi,Mavi,mavi.com,fashion,apparel,commercial,false,0.908,false,false,false,1,parked_or_interstitial
brand_thenorthface-com_bd18d2d3,Thenorthface,Thenorthface,thenorthface.com,fashion,apparel,commercial,false,0.908,false,false,false,1,parked_or_interstitial
brand_marmot-com_62ba2006,Marmot,Marmot,marmot.com,fashion,apparel,commercial,false,0.908,false,false,false,1,parked_or_interstitial
brand_givenchy-com_0f1f17d5,Givenchy,Givenchy,givenchy.com,fashion,apparel,commercial,false,0.908,false,false,false,1,parked_or_interstitial
brand_ssense-com_ca5b4219,Ssense,Ssense,ssense.com,fashion,apparel,commercial,false,0.908,false,false,false,1,parked_or_interstitial
brand_jcrew-com_686374ae,Jcrew,Jcrew,jcrew.com,fashion,apparel,commercial,false,0.898,false,false,false,1,parked_or_interstitial
brand_christianlouboutin-com_80fc9352,Christian Louboutin Australia Online Boutique,Christian Louboutin Australia Online Boutique,christianlouboutin.com,fashion,footwear,commercial,true,0.835,false,false,true,2,too_many_tokens
brand_giuseppezanotti-com_fa4a56ae,Giuseppe Zanotti ® - Official Website,Giuseppe Zanotti ® - Official Website,giuseppezanotti.com,fashion,footwear,commercial,true,0.835,false,false,true,2,too_many_tokens
brand_ghbass-com_0afb1860,G.H.BASS,G.H.BASS,ghbass.com,fashion,footwear,commercial,true,0.844,false,false,true,3,high_punctuation_ratio
brand_muckbootcompany-com_fce5e88e,The Original Muck Boot Company,The Original Muck Boot Company,muckbootcompany.com,fashion,footwear,commercial,true,0.835,false,false,true,2,too_many_tokens
brand_converse-com_8f108dba,Converse,Converse,converse.com,fashion,footwear,commercial,false,0.908,false,false,false,1,parked_or_interstitial
brand_vans-com_d6f986de,Vans,Vans,vans.com,fashion,footwear,commercial,false,0.908,false,false,false,1,parked_or_interstitial
brand_timberland-com_0622b2bc,Timberland,Timberland,timberland.com,fashion,footwear,commercial,false,0.908,false,false,false,1,parked_or_interstitial
brand_crocs-com_70342511,Crocs,Crocs,crocs.com,fashion,footwear,commercial,false,0.908,false,false,false,1,parked_or_interstitial
brand_naturalizer-com_0636d38b,Naturalizer,Naturalizer,naturalizer.com,fashion,footwear,commercial,false,0.908,false,false,false,1,parked_or_interstitial
brand_samedelman-com_c97ba0d4,Samedelman,Samedelman,samedelman.com,fashion,footwear,commercial,false,0.908,false,false,false,1,parked_or_interstitial
brand_jimmychoo-com_6ed811cf,Jimmychoo,Jimmychoo,jimmychoo.com,fashion,footwear,commercial,false,0.908,false,false,false,1,parked_or_interstitial
brand_rogervivier-com_d2fbb321,Rogervivier,Rogervivier,rogervivier.com,fashion,footwear,commercial,false,0.908,false,false,false,1,parked_or_interstitial
brand_tods-com_6c6e0a05,Tods,Tods,tods.com,fashion,footwear,commercial,false,0.908,false,false,false,1,parked_or_interstitial
brand_johnlobb-com_e5eb6e79,Johnlobb,Johnlobb,johnlobb.com,fashion,footwear,commercial,false,0.908,false,false,false,1,parked_or_interstitial
brand_allenedmonds-com_6cbd9747,Allenedmonds,Allenedmonds,allenedmonds.com,fashion,footwear,commercial,false,0.908,false,false,false,1,parked_or_interstitial
brand_rieker-com_06daaac4,Rieker,Rieker,rieker.com,fashion,footwear,commercial,false,0.908,false,false,false,1,parked_or_interstitial
brand_redwingshoes-com_e7df1567,Redwingshoes,Redwingshoes,redwingshoes.com,fashion,footwear,commercial,false,0.908,false,false,false,1,parked_or_interstitial
brand_justinboots-com_6ed6b1bf,Justinboots,Justinboots,justinboots.com,fashion,footwear,commercial,false,0.908,false,false,false,1,parked_or_interstitial
brand_tonylama-com_6912fc51,Tonylama,Tonylama,tonylama.com,fashion,footwear,commercial,false,0.908,false,false,false,1,parked_or_interstitial
brand_bornshoes-com_9ff03cc2,Bornshoes,Bornshoes,bornshoes.com,fashion,footwear,commercial,false,0.908,false,false,false,1,parked_or_interstitial
brand_korkease-com_4d0e77c7,Korkease,Korkease,korkease.com,fashion,footwear,commercial,false,0.908,false,false,false,1,parked_or_interstitial
brand_vionicshoes-com_2f37a786,Vionicshoes,Vionicshoes,vionicshoes.com,fashion,footwear,commercial,false,0.908,false,false,false,1,parked_or_interstitial
brand_francosarto-com_c92753aa,Francosarto,Francosarto,francosarto.com,fashion,footwear,commercial,false,0.908,false,false,false,1,parked_or_interstitial
brand_samedelman-ca_31307c28,Samedelman,Samedelman,samedelman.ca,fashion,footwear,commercial,false,0.908,false,false,false,1,parked_or_interstitial
brand_veja-store-com_8c02a82e,Veja Store,Veja Store,veja-store.com,fashion,footwear,commercial,false,0.908,false,false,false,1,parked_or_interstitial
brand_autry-usa-com_a278ac91,Autry Usa,Autry Usa,autry-usa.com,fashion,footwear,commercial,false,0.908,false,false,false,1,parked_or_interstitial
brand_zegna-com_3c8f66d8,Zegna,Zegna,zegna.com,fashion,footwear,commercial,false,0.908,false,false,false,1,parked_or_interstitial
brand_oakstreetbootmakers-com_953014cd,Oakstreetbootmakers,Oakstreetbootmakers,oakstreetbootmakers.com,fashion,footwear,commercial,false,0.908,false,false,false,1,parked_or_interstitial
brand_ferragamo-com_e154fc86,Ferragamo,Ferragamo,ferragamo.com,fashion,footwear,commercial,false,0.898,false,false,false,1,parked_or_interstitial
brand_trilogyskincare-com_b1e534c2,HugeDomains,HugeDomains,trilogyskincare.com,beauty_personal_care,skincare,commercial,true,0.844,false,false,true,2,parked_or_interstitial
brand_roundaround-com_b3a8100c,HugeDomains,HugeDomains,roundaround.com,beauty_personal_care,skincare,commercial,true,0.844,false,false,true,2,parked_or_interstitial
brand_paulaschoice-com_ca719e36,Paulaschoice,Paulaschoice,paulaschoice.com,beauty_personal_care,skincare,commercial,false,0.908,false,false,false,1,parked_or_interstitial
brand_skinceuticals-com_ee75e8f8,Skinceuticals,Skinceuticals,skinceuticals.com,beauty_personal_care,skincare,commercial,false,0.908,false,false,false,1,parked_or_interstitial
brand_youthtothepeople-com_bce949f1,Youthtothepeople,Youthtothepeople,youthtothepeople.com,beauty_personal_care,skincare,commercial,false,0.908,false,false,false,1,parked_or_interstitial
brand_drsturm-com_07997b2c,Drsturm,Drsturm,drsturm.com,beauty_personal_care,skincare,commercial,false,0.908,false,false,false,1,parked_or_interstitial
brand_pcaskin-com_a5d4df28,Pcaskin,Pcaskin,pcaskin.com,beauty_personal_care,skincare,commercial,false,0.908,false,false,false,1,parked_or_interstitial
brand_lush-com_08e31bb8,Lush,Lush,lush.com,beauty_personal_care,skincare,commercial,false,0.908,false,false,false,1,parked_or_interstitial
brand_proactiv-com_c58cb09d,Proactiv,Proactiv,proactiv.com,beauty_personal_care,skincare,commercial,false,0.908,false,false,false,1,parked_or_interstitial
brand_apostrophe-com_67e64466,Apostrophe,Apostrophe,apostrophe.com,beauty_personal_care,skincare,publisher,false,0.808,false,false,false,1,publisher_not_allowed|parked_or_interstitial
brand_ubeauty-com_9fe10f7c,Ubeauty,Ubeauty,ubeauty.com,beauty_personal_care,skincare,commercial,false,0.908,false,false,false,1,parked_or_interstitial
brand_patchology-com_efa881cb,Patchology,Patchology,patchology.com,beauty_personal_care,skincare,commercial,false,0.908,false,false,false,1,parked_or_interstitial
brand_medicube-com_f1491768,Medicube,Medicube,medicube.com,beauty_personal_care,skincare,commercial,false,0.908,false,false,false,1,parked_or_interstitial
brand_origins-com_ac335ee5,Origins,Origins,origins.com,beauty_personal_care,skincare,commercial,false,0.908,false,false,false,1,parked_or_interstitial
brand_clinique-com_82714299,Clinique,Clinique,clinique.com,beauty_personal_care,skincare,commercial,false,0.898,false,false,false,1,parked_or_interstitial
brand_murena-com_10b06de5,Murena - deGoogled phones and services,Murena - deGoogled phones and services,murena.com,consumer_electronics,smartphone,commercial,true,0.835,false,false,true,2,too_many_tokens
brand_jolla-com_8344154c,Jolla,The Privacy Respecting European OS and AI Solution Provider,jolla.com,consumer_electronics,smartphone,commercial,true,0.91,false,false,true,3,too_many_tokens|name_too_long
brand_xiaomi-com_2c081f6c,Xiaomi,Xiaomi,xiaomi.com,consumer_electronics,smartphone,commercial,false,0.908,false,false,false,1,parked_or_interstitial
brand_bq-com_d57e7c33,Bq,Bq,bq.com,consumer_electronics,smartphone,commercial,false,0.908,false,false,false,1,parked_or_interstitial
brand_samsungmobilepress-com_43331f0c,Samsungmobilepress,Samsungmobilepress,samsungmobilepress.com,consumer_electronics,smartphone,publisher,false,0.808,false,false,false,1,publisher_not_allowed
brand_mintmobile-com_330bc60f,Mintmobile,Mintmobile,mintmobile.com,consumer_electronics,smartphone,commercial,false,0.908,false,false,false,1,parked_or_interstitial
brand_metrobyt-mobile-com_85ae79e0,Metrobyt Mobile,Metrobyt Mobile,metrobyt-mobile.com,consumer_electronics,smartphone,commercial,false,0.908,false,false,false,1,parked_or_interstitial
brand_usmobile-com_4475b089,Usmobile,Usmobile,usmobile.com,consumer_electronics,smartphone,commercial,false,0.908,false,false,false,1,parked_or_interstitial
brand_consumercellular-com_14eac501,Consumercellular,Consumercellular,consumercellular.com,consumer_electronics,smartphone,commercial,false,0.908,false,false,false,1,parked_or_interstitial
brand_micromaxinfo-com_46312ac0,Micromaxinfo,Micromaxinfo,micromaxinfo.com,consumer_electronics,smartphone,commercial,false,0.898,false,false,false,1,parked_or_interstitial
brand_datacamp-com_0a270c20,Datacamp,Datacamp,datacamp.com,education,online_learning,commercial,false,0.91,false,false,false,1,parked_or_interstitial
brand_futurelearn-com_f03bc823,Futurelearn,Futurelearn,futurelearn.com,education,online_learning,commercial,false,0.91,false,false,false,1,parked_or_interstitial
brand_saylor-org_2c91d438,Saylor,Saylor,saylor.org,education,online_learning,commercial,false,0.91,false,false,false,1,parked_or_interstitial
brand_packtpub-com_db765abe,Packtpub,Packtpub,packtpub.com,education,online_learning,commercial,false,0.91,false,false,false,1,parked_or_interstitial
brand_blinkist-com_80f4898b,Blinkist,Blinkist,blinkist.com,education,online_learning,commercial,false,0.91,false,false,false,1,parked_or_interstitial
brand_ninjatrader-com_2e2a65fa,Ninjatrader,Ninjatrader,ninjatrader.com,finance,digital_banking,commercial,false,0.91,false,false,false,1,parked_or_interstitial
brand_avatrade-com_0e5fb424,Avatrade,Avatrade,avatrade.com,finance,digital_banking,commercial,false,0.91,false,false,false,1,parked_or_interstitial
brand_bingx-com_6103ee22,Bingx,Bingx,bingx.com,finance,digital_banking,commercial,false,0.91,false,false,false,1,parked_or_interstitial
brand_cryptoquant-com_9f21ee92,Cryptoquant,Cryptoquant,cryptoquant.com,finance,digital_banking,commercial,false,0.91,false,false,false,1,parked_or_interstitial
brand_cointracker-io_116a070b,Cointracker,Cointracker,cointracker.io,finance,digital_banking,commercial,false,0.91,false,false,false,1,parked_or_interstitial
brand_koinly-io_da5e541b,Koinly,Koinly,koinly.io,finance,digital_banking,commercial,false,0.91,false,false,false,1,parked_or_interstitial
